Name,NRIC,Address,PhoneNumber,AccountNumber
Leila Mckenzie,S7528334O,74178 East Burundi Blvd.,83714491,SA-0005-14-91
Catherine Mcclain,S5760029Q,8937 North Mauritania Ct.,83636122,SA-0009-04-02
Catherine Stanton,S4698922B,12928 East Chile Way,86091887,SA-0012-71-76
Berk Salazar,S7745867G,47180 South Burundi Ave.,93080752,SA-0021-95-06
Yasir Hamilton,S0668036Q,80849  Cyprus Blvd.,87020191,SA-0033-12-88
Imogene Downs,S3273823C,30711 West Antigua and Barbuda Ct.,90334522,SA-0037-94-05
Rudyard Hicks,S4928764E,26808 North Commerce St.,95875882,SA-0050-81-89
Colby Mosley,S4136327D,17784 South Guyana Blvd.,87529248,SA-0055-36-68
Audra Pearson,S7326140H,67884 North Burundi St.,87143233,SA-0063-02-33
Sade Simpson,S1912294A,21621 East Papua New Guinea Blvd.,99134793,SA-0080-84-93
Solomon Dickerson,S2575004J,16055 East Colombia Ave.,82304709,SA-0092-93-02
Keely White,S0510670P,64202 South American Samoa Blvd.,81190905,SA-0107-05-98
Gail Byrd,S6776903Y,46617 North Libyan Arab Jamahiriya Ct.,98832966,SA-0112-53-34
Lester Atkins,S9424236X,20715 East Antigua and Barbuda Ct.,97456426,SA-0114-12-73
Aline Roberts,S3308749X,21346 South Mauritius Blvd.,95882154,SA-0133-16-62
Kalia Good,S2819246S,77519 North Portugal Blvd.,92689169,SA-0138-33-52
Lewis Carroll,S0635308C,42993  Saint Lucia Ave.,86899120,SA-0144-10-84
Fitzgerald Brewer,S3587932J,36240  Jamaica Ln.,81119846,SA-0145-41-01
Aiko Horton,S4799699E,18913 North Angola Ave.,93117909,SA-0147-43-82
Yeo Terrell,S3512752U,30505 West Holy See (Vatican City State) Way,97058115,SA-0151-98-79
Wade Gentry,S5464187X,57785  Congo Ave.,86849134,SA-0155-74-77
Abel English,S7742430H,70051  Bahamas Ct.,99427879,SA-0182-19-79
Demetrius Daniels,S0939311C,89587 North Bridgeport Ave.,83573149,SA-0185-10-64
Eleanor Roberson,S8959432M,63183 North Tokelau Ave.,89579808,SA-0185-59-07
Cleo Valentine,S5851686R,39449 South French Southern Territories Ave.,86168348,SA-0186-07-48
Jermaine Valenzuela,S4259042G,55759 South Afghanistan Ln.,94747548,SA-0187-35-19
Cameron Murphy,S3915513P,89674  China Ct.,98465034,SA-0202-82-34
Yoshi Mccray,S9298541R,88772  Charlottesville Ln.,96792625,SA-0210-42-47
Clio York,S1026829Y,98056 East Comoros Ave.,92758240,SA-0220-48-64
Isaac Conway,S1872460O,51172 East Malaysia Ln.,90885324,SA-0220-61-46
Eagan Ware,S0901299B,96391 North San Marino Way,91008752,SA-0222-28-58
Ira Mckenzie,S5880876E,13611  Myanmar Ave.,89202442,SA-0227-78-67
Kay Hood,S4349727Z,30480 South Tajikistan Ln.,85907555,SA-0249-45-54
Ori Espinoza,S0807819G,9252 North Bahamas Blvd.,99066180,SA-0252-71-33
Melyssa Rojas,S4156990O,82831  Cambodia St.,97328550,SA-0261-41-34
Stacy Robles,S4513493Z,33499 East Bessemer Ct.,81533460,SA-0263-79-37
Kaitlin Bruce,S0274424P,756  Ardmore St.,86827719,SA-0279-91-74
Rudyard James,S3172076Q,95611 North Malawi Ln.,90259334,SA-0290-06-89
Carolyn Rush,S6492520X,39657 West Bristol St.,88707927,SA-0303-06-26
Alexander Copeland,S1755617Y,34292 West Equatorial Guinea Ln.,85908492,SA-0305-50-15
Halee Hardin,S8736596J,5268 West Philippines Way,83666650,SA-0312-94-95
Acton Dennis,S7277979X,6159 West East St. Louis Ln.,95164061,SA-0314-69-44
Neville Chandler,S6317783V,48259 West Costa Rica Way,93604675,SA-0335-96-08
Tanek Sharpe,S1562863R,58492  Aruba Ave.,90636695,SA-0339-42-22
Cameron Stanley,S8088313N,89145 East Peru St.,87806869,SA-0343-60-69
Madaline Simmons,S8215078A,57066 South Hollister Ln.,95105312,SA-0361-84-31
Eliana Sloan,S5262708P,85674 West Indio Way,97969964,SA-0378-80-96
Victor Noble,S1672629R,91836 East Hayward Ave.,95151339,SA-0401-55-12
Reed Santos,S2411168C,25535 East Flint Ave.,96792625,SA-0414-20-79
Meghan Glover,S5237265J,344  British Indian Ocean Territory Ct.,81221014,SA-0414-86-48
